decade,count,avg_rating
1910s,5,7.2
1920s,24,7.583333333333333
1930s,27,7.333333333333333
1940s,52,7.423076923076923
1950s,105,7.59047619047619
1960s,146,7.5479452054794525
1970s,189,7.518518518518518
1980s,173,7.300578034682081
1990s,150,7.373333333333333
2000s,167,7.179640718562874
2010s,298,6.993288590604027
2020s,3,7.333333333333333
