decade,count,avg_rating
1910s,4,7.25
1920s,23,7.565217391304348
1930s,27,7.333333333333333
1940s,45,7.466666666666667
1950s,92,7.663043478260869
1960s,134,7.58955223880597
1970s,171,7.567251461988304
1980s,153,7.313725490196078
1990s,141,7.397163120567376
2000s,154,7.207792207792208
2010s,282,6.98936170212766
2020s,1,8.0
