decade,count,avg_rating
1910s,5,7.2
1920s,26,7.576923076923077
1930s,27,7.333333333333333
1940s,53,7.415094339622642
1950s,106,7.584905660377358
1960s,149,7.543624161073826
1970s,200,7.49
1980s,180,7.3
1990s,155,7.367741935483871
2000s,171,7.181286549707602
2010s,302,6.996688741721854
2020s,3,7.333333333333333
