decade,count,avg_rating
1910s,5,7.2
1920s,26,7.576923076923077
1930s,28,7.321428571428571
1940s,59,7.406779661016949
1950s,112,7.580357142857143
1960s,165,7.490909090909091
1970s,223,7.417040358744394
1980s,195,7.287179487179487
1990s,166,7.325301204819277
2000s,183,7.180327868852459
2010s,313,6.996805111821086
2020s,6,7.166666666666667
