decade,count,avg_rating
1910s,4,7.25
1920s,23,7.565217391304348
1930s,22,7.2727272727272725
1940s,41,7.512195121951219
1950s,79,7.7594936708860756
1960s,121,7.603305785123967
1970s,150,7.593333333333334
1980s,126,7.373015873015873
1990s,120,7.5
2000s,129,7.27906976744186
2010s,235,7.080851063829787
