decade,count,avg_rating
1910s,5,7.2
1920s,24,7.583333333333333
1930s,27,7.333333333333333
1940s,46,7.456521739130435
1950s,93,7.655913978494624
1960s,136,7.588235294117647
1970s,175,7.554285714285714
1980s,160,7.3125
1990s,144,7.388888888888889
2000s,156,7.205128205128205
2010s,288,6.993055555555555
2020s,1,8.0
