decade,count,avg_rating
1910s,5,7.2
1920s,26,7.576923076923077
1930s,27,7.333333333333333
1940s,58,7.413793103448276
1950s,112,7.580357142857143
1960s,160,7.49375
1970s,213,7.455399061032864
1980s,190,7.278947368421052
1990s,162,7.327160493827161
2000s,179,7.17877094972067
2010s,310,6.996774193548387
2020s,4,7.25
