decade,count,avg_rating
1910s,5,7.2
1920s,24,7.583333333333333
1930s,27,7.333333333333333
1940s,49,7.428571428571429
1950s,103,7.611650485436893
1960s,144,7.569444444444445
1970s,183,7.53551912568306
1980s,172,7.296511627906977
1990s,151,7.370860927152318
2000s,164,7.189024390243903
2010s,297,6.986531986531986
2020s,2,7.5
