decade,count,avg_rating
1910s,5,7.2
1920s,26,7.576923076923077
1930s,27,7.333333333333333
1940s,59,7.406779661016949
1950s,112,7.580357142857143
1960s,160,7.49375
1970s,215,7.446511627906977
1980s,193,7.27979274611399
1990s,163,7.325153374233129
2000s,180,7.177777777777778
2010s,310,6.996774193548387
2020s,5,7.0
