decade,count,avg_rating
1910s,5,7.2
1920s,26,7.576923076923077
1930s,27,7.333333333333333
1940s,57,7.4035087719298245
1950s,111,7.585585585585585
1960s,155,7.516129032258065
1970s,211,7.459715639810427
1980s,188,7.287234042553192
1990s,162,7.327160493827161
2000s,176,7.181818181818182
2010s,306,6.996732026143791
2020s,4,7.25
