decade,count,avg_rating
1910s,5,7.2
1920s,26,7.576923076923077
1930s,27,7.333333333333333
1940s,59,7.406779661016949
1950s,112,7.580357142857143
1960s,161,7.503105590062112
1970s,216,7.444444444444445
1980s,193,7.27979274611399
1990s,163,7.325153374233129
2000s,182,7.181318681318682
2010s,311,6.996784565916399
2020s,5,7.0
