decade,count,avg_rating
1910s,5,7.2
1920s,24,7.583333333333333
1930s,26,7.346153846153846
1940s,49,7.428571428571429
1950s,98,7.63265306122449
1960s,140,7.578571428571428
1970s,178,7.556179775280899
1980s,166,7.301204819277109
1990s,144,7.388888888888889
2000s,161,7.186335403726708
2010s,292,6.993150684931507
2020s,1,8.0
