decade,count,avg_rating
1910s,5,7.2
1920s,23,7.565217391304348
1930s,27,7.333333333333333
1940s,45,7.466666666666667
1950s,93,7.655913978494624
1960s,136,7.588235294117647
1970s,173,7.566473988439307
1980s,156,7.326923076923077
1990s,142,7.394366197183099
2000s,154,7.207792207792208
2010s,285,6.989473684210527
2020s,1,8.0
