decade,count,avg_rating
1910s,5,7.2
1920s,26,7.576923076923077
1930s,27,7.333333333333333
1940s,53,7.415094339622642
1950s,107,7.588785046728972
1960s,149,7.543624161073826
1970s,202,7.485148514851486
1980s,182,7.2967032967032965
1990s,157,7.3630573248407645
2000s,172,7.180232558139535
2010s,303,6.996699669966997
2020s,3,7.333333333333333
