decade,count,avg_rating
1910s,5,7.2
1920s,26,7.576923076923077
1930s,27,7.333333333333333
1940s,57,7.4035087719298245
1950s,110,7.590909090909091
1960s,155,7.516129032258065
1970s,209,7.478468899521531
1980s,186,7.290322580645161
1990s,161,7.3354037267080745
2000s,176,7.181818181818182
2010s,306,6.996732026143791
2020s,4,7.25
