decade,count,avg_rating
1910s,4,7.25
1920s,23,7.565217391304348
1930s,27,7.333333333333333
1940s,45,7.466666666666667
1950s,92,7.663043478260869
1960s,134,7.58955223880597
1970s,169,7.568047337278107
1980s,152,7.315789473684211
1990s,141,7.397163120567376
2000s,152,7.2105263157894735
2010s,280,6.989285714285714
2020s,1,8.0
