decade,count,avg_rating
1910s,5,7.2
1920s,26,7.576923076923077
1930s,27,7.333333333333333
1940s,53,7.415094339622642
1950s,107,7.588785046728972
1960s,149,7.543624161073826
1970s,203,7.487684729064039
1980s,183,7.295081967213115
1990s,158,7.3544303797468356
2000s,173,7.179190751445087
2010s,303,6.996699669966997
2020s,3,7.333333333333333
