decade,count,avg_rating
1910s,5,7.2
1920s,25,7.6
1930s,27,7.333333333333333
1940s,53,7.415094339622642
1950s,105,7.59047619047619
1960s,147,7.54421768707483
1970s,195,7.507692307692308
1980s,178,7.308988764044944
1990s,152,7.375
2000s,169,7.183431952662722
2010s,298,6.993288590604027
2020s,3,7.333333333333333
