decade,count,avg_rating
1910s,5,7.2
1920s,26,7.576923076923077
1930s,27,7.333333333333333
1940s,55,7.4
1950s,109,7.5963302752293576
1960s,152,7.519736842105263
1970s,208,7.480769230769231
1980s,186,7.290322580645161
1990s,160,7.34375
2000s,175,7.182857142857143
2010s,306,6.996732026143791
2020s,3,7.333333333333333
