decade,count,avg_rating
1910s,4,7.25
1920s,23,7.565217391304348
1930s,27,7.333333333333333
1940s,43,7.488372093023256
1950s,89,7.685393258426966
1960s,132,7.598484848484849
1970s,162,7.574074074074074
1980s,143,7.335664335664336
1990s,133,7.421052631578948
2000s,142,7.232394366197183
2010s,274,6.985401459854015
