decade,count,avg_rating
1910s,5,7.2
1920s,26,7.576923076923077
1930s,27,7.333333333333333
1940s,55,7.4
1950s,109,7.5963302752293576
1960s,151,7.529801324503311
1970s,207,7.483091787439614
1980s,186,7.290322580645161
1990s,160,7.34375
2000s,174,7.17816091954023
2010s,305,6.99672131147541
2020s,3,7.333333333333333
