decade,count,avg_rating
1910s,4,7.25
1920s,23,7.565217391304348
1930s,22,7.2727272727272725
1940s,41,7.512195121951219
1950s,79,7.7594936708860756
1960s,121,7.603305785123967
1970s,150,7.593333333333334
1980s,124,7.387096774193548
1990s,119,7.504201680672269
2000s,128,7.28125
2010s,232,7.073275862068965
