decade,count,avg_rating
1910s,5,7.2
1920s,24,7.583333333333333
1930s,27,7.333333333333333
1940s,50,7.44
1950s,102,7.617647058823529
1960s,144,7.5625
1970s,184,7.5271739130434785
1980s,172,7.296511627906977
1990s,149,7.382550335570469
2000s,163,7.190184049079755
2010s,295,6.9932203389830505
2020s,2,7.5
