decade,count,avg_rating
1910s,5,7.2
1920s,24,7.583333333333333
1930s,26,7.346153846153846
1940s,47,7.446808510638298
1950s,96,7.645833333333333
1960s,137,7.583941605839416
1970s,175,7.554285714285714
1980s,162,7.314814814814815
1990s,144,7.388888888888889
2000s,159,7.19496855345912
2010s,289,6.993079584775087
2020s,1,8.0
