decade,count,avg_rating
1910s,5,7.2
1920s,26,7.576923076923077
1930s,28,7.321428571428571
1940s,59,7.406779661016949
1950s,112,7.580357142857143
1960s,164,7.4939024390243905
1970s,221,7.425339366515837
1980s,195,7.287179487179487
1990s,164,7.323170731707317
2000s,182,7.181318681318682
2010s,312,6.993589743589744
2020s,5,7.0
