decade,count,avg_rating
1910s,5,7.2
1920s,24,7.583333333333333
1930s,27,7.333333333333333
1940s,52,7.423076923076923
1950s,104,7.605769230769231
1960s,145,7.551724137931035
1970s,187,7.524064171122995
1980s,172,7.296511627906977
1990s,150,7.373333333333333
2000s,167,7.179640718562874
2010s,296,6.993243243243243
2020s,3,7.333333333333333
