decade,count,avg_rating
1910s,4,7.25
1920s,23,7.565217391304348
1930s,27,7.333333333333333
1940s,43,7.488372093023256
1950s,87,7.7011494252873565
1960s,130,7.607692307692307
1970s,161,7.571428571428571
1980s,141,7.340425531914893
1990s,128,7.4296875
2000s,139,7.23021582733813
2010s,273,6.985347985347985
