decade,count,avg_rating
1910s,5,7.2
1920s,25,7.6
1930s,27,7.333333333333333
1940s,53,7.415094339622642
1950s,105,7.59047619047619
1960s,148,7.547297297297297
1970s,198,7.48989898989899
1980s,180,7.3
1990s,154,7.37012987012987
2000s,169,7.183431952662722
2010s,302,6.996688741721854
2020s,3,7.333333333333333
