decade,count,avg_rating
1910s,5,7.2
1920s,26,7.576923076923077
1930s,27,7.333333333333333
1940s,59,7.406779661016949
1950s,112,7.580357142857143
1960s,160,7.49375
1970s,215,7.446511627906977
1980s,192,7.28125
1990s,162,7.327160493827161
2000s,179,7.17877094972067
2010s,310,6.996774193548387
2020s,4,7.25
