decade,count,avg_rating
1910s,5,7.2
1920s,24,7.583333333333333
1930s,27,7.333333333333333
1940s,49,7.428571428571429
1950s,101,7.623762376237623
1960s,140,7.578571428571428
1970s,180,7.544444444444444
1980s,169,7.3017751479289945
1990s,149,7.375838926174497
2000s,162,7.191358024691358
2010s,295,6.986440677966102
2020s,2,7.5
