decade,count,avg_rating
1910s,4,7.25
1920s,23,7.565217391304348
1930s,27,7.333333333333333
1940s,43,7.488372093023256
1950s,90,7.677777777777778
1960s,132,7.598484848484849
1970s,164,7.573170731707317
1980s,146,7.321917808219178
1990s,135,7.407407407407407
2000s,145,7.227586206896552
2010s,278,6.985611510791367
