decade,count,avg_rating
1910s,5,7.2
1920s,26,7.576923076923077
1930s,27,7.333333333333333
1940s,57,7.4035087719298245
1950s,111,7.585585585585585
1960s,160,7.49375
1970s,213,7.455399061032864
1980s,190,7.278947368421052
1990s,162,7.327160493827161
2000s,179,7.17877094972067
2010s,308,6.996753246753247
2020s,4,7.25
