decade,count,avg_rating
1910s,5,7.2
1920s,26,7.576923076923077
1930s,27,7.333333333333333
1940s,54,7.407407407407407
1950s,108,7.592592592592593
1960s,150,7.533333333333333
1970s,204,7.490196078431373
1980s,186,7.290322580645161
1990s,160,7.34375
2000s,173,7.179190751445087
2010s,303,6.996699669966997
2020s,3,7.333333333333333
