decade,count,avg_rating
1910s,4,7.25
1920s,23,7.565217391304348
1930s,27,7.333333333333333
1940s,45,7.466666666666667
1950s,92,7.663043478260869
1960s,134,7.58955223880597
1970s,167,7.568862275449102
1980s,151,7.324503311258278
1990s,141,7.397163120567376
2000s,151,7.211920529801325
2010s,279,6.985663082437276
2020s,1,8.0
