decade,count,avg_rating
1910s,4,7.25
1920s,23,7.565217391304348
1930s,22,7.318181818181818
1940s,42,7.5
1950s,81,7.765432098765432
1960s,123,7.585365853658536
1970s,152,7.578947368421052
1980s,132,7.356060606060606
1990s,121,7.487603305785124
2000s,129,7.255813953488372
2010s,243,7.0699588477366255
