decade,count,avg_rating
1910s,4,7.25
1920s,23,7.565217391304348
1930s,22,7.2727272727272725
1940s,41,7.512195121951219
1950s,78,7.769230769230769
1960s,118,7.61864406779661
1970s,150,7.593333333333334
1980s,119,7.4033613445378155
1990s,113,7.504424778761062
2000s,126,7.26984126984127
2010s,223,7.0358744394618835
