decade,count,avg_rating
1910s,5,7.2
1920s,24,7.583333333333333
1930s,27,7.333333333333333
1940s,49,7.428571428571429
1950s,102,7.617647058823529
1960s,143,7.566433566433567
1970s,183,7.53551912568306
1980s,171,7.298245614035087
1990s,149,7.375838926174497
2000s,163,7.190184049079755
2010s,295,6.986440677966102
2020s,2,7.5
