decade,count,avg_rating
1910s,5,7.2
1920s,25,7.6
1930s,27,7.333333333333333
1940s,52,7.423076923076923
1950s,105,7.59047619047619
1960s,146,7.5479452054794525
1970s,191,7.513089005235602
1980s,175,7.308571428571429
1990s,151,7.377483443708609
2000s,167,7.179640718562874
2010s,298,6.993288590604027
2020s,3,7.333333333333333
