decade,count,avg_rating
1910s,5,7.2
1920s,25,7.6
1930s,27,7.333333333333333
1940s,52,7.423076923076923
1950s,105,7.59047619047619
1960s,147,7.54421768707483
1970s,193,7.512953367875648
1980s,177,7.305084745762712
1990s,152,7.375
2000s,167,7.179640718562874
2010s,298,6.993288590604027
2020s,3,7.333333333333333
